1,2,4,8,16,
11.659131,8.590652,4.386185,3.873266,3.267760,
11.659131,8.600065,4.447829,3.967515,3.370545,
11.659131,8.609507,4.509789,4.062537,3.473937,
11.659131,8.618978,4.572052,4.158322,3.577897,
11.659131,8.628477,4.634610,4.254864,3.682388,
11.659131,8.638005,4.697451,4.352156,3.787371,
11.659131,8.647561,4.760566,4.450188,3.892811,
11.659131,8.657146,4.823943,4.548954,3.998669,
11.659131,8.666759,4.887573,4.648444,4.104910,
11.659131,8.676400,4.951444,4.748651,4.211497,
11.659131,8.686069,5.015545,4.849566,4.318395,
11.659131,8.695766,5.079867,4.951179,4.425569,
11.659131,8.705491,5.144398,5.053483,4.532985,
11.659131,8.715244,5.209128,5.156466,4.640609,
11.659131,8.725024,5.274045,5.260121,4.748409,
11.659131,8.734832,5.339140,5.364437,4.856351,
11.659131,8.744668,5.404400,5.469404,4.964404,
11.659131,8.754531,5.469815,5.575013,5.072538,
11.659131,8.764421,5.535374,5.681252,5.180722,
11.659131,8.774339,5.601067,5.788112,5.288927,
11.659131,8.784284,5.666882,5.895582,5.397125,
11.659131,8.794256,5.732808,6.003651,5.505288,
11.659131,8.804254,5.798834,6.112307,5.613389,
11.659131,8.814280,5.864949,6.221540,5.721404,
11.659131,8.824333,5.931142,6.331338,5.829307,
11.659131,8.834412,5.997403,6.441690,5.937074,
11.659131,8.844517,6.063720,6.552583,6.044684,
11.659131,8.854650,6.130081,6.664006,6.152114,
11.659131,8.864808,6.196477,6.775945,6.259344,
11.659131,8.874993,6.262895,6.888390,6.366354,
11.659131,8.885204,6.329326,7.001327,6.473126,
11.659131,8.895442,6.395757,7.114744,6.579643,
11.659131,8.905705,6.462178,7.228627,6.685888,
11.659131,8.915994,6.528579,7.342963,6.791846,
11.659131,8.926309,6.594947,7.457739,6.897504,
11.659131,8.936650,6.661272,7.572942,7.002849,
11.659131,8.947016,6.727543,7.688558,7.107868,
11.659131,8.957408,6.793749,7.804573,7.212551,
11.659131,8.967825,6.859880,7.920973,7.316890,
11.659131,8.978268,6.925924,8.037744,7.420876,
11.659131,8.988736,6.991870,8.154871,7.524502,
11.659131,8.999229,7.057709,8.272340,7.627762,
11.659131,9.009747,7.123428,8.390136,7.730652,
11.659131,9.020290,7.189018,8.508245,7.833168,
11.659131,9.030858,7.254467,8.626651,7.935308,
11.659131,9.041450,7.319765,8.745339,8.037070,
11.659131,9.052067,7.384902,8.864295,8.138455,
11.659131,9.062709,7.449867,8.983502,8.239464,
11.659131,9.073375,7.514649,9.102945,8.340098,
11.659131,9.084066,7.579238,9.222608,8.440362,
11.659131,9.094780,7.643624,9.342475,8.540260,
11.659131,9.105519,7.707796,9.462531,8.639797,
11.659131,9.116282,7.771744,9.582759,8.738980,
11.659131,9.127069,7.835458,9.703143,8.837816,
11.659131,9.137880,7.898928,9.823667,8.936315,
11.659131,9.148714,7.962144,9.944313,9.034485,
11.659131,9.159572,8.025095,10.065066,9.132338,
11.659131,9.170454,8.087772,10.185908,9.229884,
11.659131,9.181359,8.150166,10.306823,9.327137,
11.659131,9.192287,8.212265,10.427793,9.424110,
11.659131,9.203239,8.274061,10.548802,9.520817,
11.659131,9.214213,8.335544,10.669833,9.617273,
11.659131,9.225211,8.396705,10.790867,9.713494,
11.659131,9.236231,8.457533,10.911888,9.809497,
11.659131,9.247275,8.518021,11.032878,9.905300,
11.659131,9.258341,8.578157,11.153819,10.000919,
11.659131,9.269430,8.637935,11.274694,10.096375,
11.659131,9.280541,8.697343,11.395486,10.191687,
11.659131,9.291674,8.756374,11.516175,10.286875,
11.659131,9.302830,8.815018,11.636744,10.381959,
11.659131,9.314008,8.873267,11.757176,10.476960,
11.659131,9.325208,8.931111,11.877452,10.571901,
11.659131,9.336430,8.988544,11.997554,10.666803,
11.659131,9.347674,9.045555,12.117463,10.761688,
11.659131,9.358940,9.102137,12.237162,10.856581,
11.659131,9.370227,9.158282,12.356633,10.951503,
11.659131,9.381536,9.213981,12.475856,11.046478,
11.659131,9.392866,9.269226,12.594814,11.141530,
11.659131,9.404218,9.324010,12.713488,11.236683,
11.659131,9.415591,9.378324,12.831859,11.331960,
11.659131,9.426985,9.432162,12.949910,11.427387,
11.659131,9.438400,9.485515,13.067621,11.522986,
11.659131,9.449836,9.538377,13.184974,11.618782,
11.659131,9.461292,9.590739,13.301950,11.714799,
11.659131,9.472770,9.642595,13.418532,11.811061,
11.659131,9.484268,9.693938,13.534699,11.907593,
11.659131,9.495786,9.744760,13.650435,12.004417,
11.659131,9.507325,9.795056,13.765719,12.101557,
11.659131,9.518884,9.844818,13.880534,12.199036,
11.659131,9.530463,9.894040,13.994861,12.296878,
11.659131,9.542062,9.942716,14.108682,12.395104,
11.659131,9.553681,9.990839,14.221977,12.493737,
11.659131,9.565320,10.038404,14.334729,12.592799,
11.659131,9.576979,10.085404,14.446918,12.692309,
11.659131,9.588657,10.131833,14.558527,12.792290,
11.659131,9.600355,10.177687,14.669537,12.892761,
11.659131,9.612072,10.222959,14.779929,12.993742,
11.659131,9.623809,10.267644,14.889686,13.095250,
11.659131,9.635564,10.311737,14.998789,13.197304,
11.659131,9.647339,10.355233,15.107219,13.299922,
11.659131,9.659132,10.398127,15.214960,13.403119,
11.659131,9.670945,10.440413,15.321991,13.506912,
11.659131,9.682776,10.482089,15.428297,13.611314,
11.659131,9.694625,10.523148,15.533858,13.716340,
11.659131,9.706494,10.563588,15.638657,13.822002,
11.659131,9.718380,10.603403,15.742675,13.928312,
11.659131,9.730285,10.642589,15.845896,14.035281,
11.659131,9.742208,10.681143,15.948302,14.142919,
11.659131,9.754149,10.719062,16.049875,14.251234,
11.659131,9.766108,10.756341,16.150598,14.360233,
11.659131,9.778085,10.792977,16.250454,14.469924,
11.659131,9.790079,10.828967,16.349425,14.580310,
11.659131,9.802091,10.864308,16.447495,14.691396,
11.659131,9.814121,10.898997,16.544646,14.803185,
11.659131,9.826168,10.933032,16.640862,14.915677,
11.659131,9.838232,10.966409,16.736126,15.028874,
11.659131,9.850313,10.999126,16.830422,15.142773,
11.659131,9.862411,11.031182,16.923734,15.257372,
11.659131,9.874527,11.062573,17.016044,15.372667,
11.659131,9.886659,11.093299,17.107337,15.488653,
11.659131,9.898807,11.123357,17.197598,15.605323,
11.659131,9.910973,11.152746,17.286810,15.722669,
11.659131,9.923154,11.181464,17.374959,15.840681,
11.659131,9.935352,11.209511,17.462027,15.959348,
11.659131,9.947567,11.236884,17.548001,16.078658,
11.659131,9.959797,11.263584,17.632866,16.198596,
11.659131,9.972044,11.289608,17.716606,16.319148,
11.659131,9.984306,11.314958,17.799207,16.440296,
11.659131,9.996584,11.339632,17.880655,16.562022,
11.659131,10.008878,11.363630,17.960934,16.684307,
11.659131,10.021187,11.386952,18.040032,16.807128,
11.659131,10.033512,11.409598,18.117935,16.930463,
11.659131,10.045851,11.431568,18.194628,17.054288,
11.659131,10.058207,11.452863,18.270099,17.178577,
11.659131,10.070577,11.473483,18.344334,17.303303,
11.659131,10.082962,11.493429,18.417320,17.428437,
11.659131,10.095362,11.512703,18.489045,17.553949,
11.659131,10.107777,11.531304,18.559496,17.679807,
11.659131,10.120206,11.549234,18.628662,17.805979,
11.659131,10.132650,11.566495,18.696529,17.932429,
11.659131,10.145108,11.583088,18.763086,18.059123,
11.659131,10.157580,11.599015,18.828323,18.186023,
11.659131,10.170067,11.614277,18.892227,18.313091,
11.659131,10.182567,11.628878,18.954787,18.440286,
11.659131,10.195082,11.642818,19.015994,18.567568,
11.659131,10.207610,11.656101,19.075836,18.694894,
11.659131,10.220152,11.668729,19.134304,18.822220,
11.659131,10.232707,11.680705,19.191387,18.949502,
11.659131,10.245276,11.692031,19.247076,19.076693,
11.659131,10.257859,11.702710,19.301362,19.203747,
11.659131,10.270454,11.712746,19.354236,19.330614,
11.659131,10.283062,11.722142,19.405689,19.457246,
11.659131,10.295684,11.730902,19.455712,19.583591,
11.659131,10.308318,11.739029,19.504298,19.709598,
11.659131,10.320965,11.746527,19.551438,19.835215,
11.659131,10.333624,11.753399,19.597125,19.960388,
11.659131,10.346296,11.759651,19.641352,20.085062,
11.659131,10.358981,11.765285,19.684113,20.209183,
11.659131,10.371677,11.770308,19.725399,20.332694,
11.659131,10.384386,11.774722,19.765206,20.455538,
11.659131,10.397107,11.778534,19.803527,20.577658,
11.659131,10.409839,11.781747,19.840357,20.698995,
11.659131,10.422584,11.784367,19.875690,20.819490,
11.659131,10.435340,11.786399,19.909521,20.939085,
11.659131,10.448107,11.787848,19.941846,21.057718,
11.659131,10.460886,11.788719,19.972660,21.175330,
11.659131,10.473676,11.789019,20.001960,21.291858,
11.659131,10.486478,11.788753,20.029742,21.407243,
11.659131,10.499290,11.787926,20.056002,21.521422,
11.659131,10.512114,11.786545,20.080738,21.634334,
11.659131,10.524948,11.784616,20.103946,21.745916,
11.659131,10.537792,11.782145,20.125626,21.856105,
11.659131,10.550648,11.779138,20.145774,21.964840,
11.659131,10.563514,11.775602,20.164389,22.072058,
11.659131,10.576390,11.771544,20.181471,22.177696,
11.659131,10.589276,11.766971,20.197018,22.281692,
11.659131,10.602172,11.761888,20.211029,22.383984,
11.659131,10.615078,11.756304,20.223506,22.484510,
11.659131,10.627995,11.750225,20.234447,22.583207,
11.659131,10.640920,11.743659,20.243853,22.680014,
11.659131,10.653856,11.736613,20.251726,22.774870,
11.659131,10.666801,11.729095,20.258066,22.867714,
11.659131,10.679755,11.721112,20.262876,22.958486,
11.659131,10.692718,11.712672,20.266157,23.047125,
11.659131,10.705691,11.703783,20.267912,23.133573,
11.659131,10.718672,11.694452,20.268144,23.217770,
11.659131,10.731663,11.684688,20.266855,23.299659,
11.659131,10.744662,11.674500,20.264050,23.379183,
11.659131,10.757669,11.663894,20.259732,23.456286,
11.659131,10.770686,11.652880,20.253904,23.530910,
11.659131,10.783710,11.641466,20.246573,23.603003,
11.659131,10.796743,11.629661,20.237743,23.672511,
11.659131,10.809784,11.617473,20.227419,23.739380,
11.659131,10.822833,11.604911,20.215607,23.803559,
11.659131,10.835889,11.591984,20.202312,23.864998,
11.659131,10.848954,11.578701,20.187543,23.923647,
11.659131,10.862026,11.565071,20.171304,23.979459,
11.659131,10.875106,11.551103,20.153604,24.032387,
11.659131,10.888193,11.536806,20.134450,24.082385,
11.659131,10.901287,11.522190,20.113850,24.129410,
11.659131,10.914388,11.507263,20.091811,24.173418,
11.659131,10.927497,11.492036,20.068344,24.214368,
11.659131,10.940612,11.476517,20.043456,24.252222,
11.659131,10.953734,11.460717,20.017158,24.286940,
11.659131,10.966863,11.444645,19.989458,24.318486,
11.659131,10.979998,11.428311,19.960367,24.346826,
11.659131,10.993140,11.411724,19.929895,24.371926,
11.659131,11.006288,11.394894,19.898054,24.393755,
11.659131,11.019442,11.377832,19.864853,24.412283,
11.659131,11.032602,11.360546,19.830306,24.427481,
11.659131,11.045768,11.343048,19.794422,24.439325,
11.659131,11.058939,11.325348,19.757216,24.447789,
11.659131,11.072117,11.307454,19.718699,24.452852,
11.659131,11.085300,11.289379,19.678884,24.454492,
11.659131,11.098488,11.271130,19.637784,24.452691,
11.659131,11.111681,11.252720,19.595413,24.447433,
11.659131,11.124880,11.234159,19.551785,24.438702,
11.659131,11.138084,11.215456,19.506914,24.426487,
11.659131,11.151293,11.196621,19.460815,24.410776,
11.659131,11.164506,11.177667,19.413502,24.391561,
11.659131,11.177724,11.158602,19.364991,24.368836,
11.659131,11.190947,11.139437,19.315296,24.342595,
11.659131,11.204174,11.120183,19.264435,24.312837,
11.659131,11.217405,11.100851,19.212423,24.279561,
11.659131,11.230640,11.081450,19.159277,24.242769,
11.659131,11.243880,11.061992,19.105013,24.202465,
11.659131,11.257123,11.042486,19.049649,24.158655,
11.659131,11.270371,11.022944,18.993202,24.111348,
11.659131,11.283621,11.003376,18.935689,24.060552,
11.659131,11.296876,10.983793,18.877129,24.006281,
11.659131,11.310134,10.964205,18.817540,23.948549,
11.659131,11.323395,10.944623,18.756940,23.887373,
11.659131,11.336659,10.925057,18.695349,23.822772,
11.659131,11.349926,10.905518,18.632785,23.754766,
11.659131,11.363196,10.886017,18.569268,23.683377,
11.659131,11.376469,10.866564,18.504817,23.608632,
11.659131,11.389745,10.847170,18.439453,23.530557,
11.659131,11.403023,10.827845,18.373196,23.449181,
11.659131,11.416304,10.808600,18.306065,23.364535,
11.659131,11.429587,10.789446,18.238083,23.276652,
11.659131,11.442872,10.770392,18.169269,23.185568,
11.659131,11.456159,10.751450,18.099645,23.091319,
11.659131,11.469448,10.732630,18.029233,22.993944,
11.659131,11.482738,10.713942,17.958053,22.893484,
11.659131,11.496031,10.695397,17.886129,22.789982,
11.659131,11.509325,10.677005,17.813481,22.683483,
11.659131,11.522620,10.658777,17.740133,22.574033,
11.659131,11.535917,10.640722,17.666107,22.461680,
11.659131,11.549214,10.622851,17.591425,22.346475,
11.659131,11.562513,10.605174,17.516111,22.228468,
11.659131,11.575813,10.587702,17.440187,22.107714,
11.659131,11.589114,10.570444,17.363678,21.984267,
11.659131,11.602415,10.553410,17.286606,21.858184,
11.659131,11.615717,10.536611,17.208995,21.729524,
11.659131,11.629019,10.520057,17.130869,21.598346,
11.659131,11.642321,10.503757,17.052253,21.464711,
11.659131,11.655624,10.487722,16.973169,21.328682,
11.659131,11.668926,10.471960,16.893643,21.190324,
11.659131,11.682229,10.456482,16.813699,21.049700,
11.659131,11.695531,10.441298,16.733362,20.906880,
11.659131,11.708833,10.426416,16.652656,20.761929,
11.659131,11.722134,10.411848,16.571606,20.614917,
11.659131,11.735435,10.397601,16.490237,20.465915,
11.659131,11.748736,10.383685,16.408575,20.314994,
11.659131,11.762035,10.370110,16.326644,20.162226,
11.659131,11.775333,10.356885,16.244470,20.007684,
11.659131,11.788631,10.344019,16.162079,19.851444,
11.659131,11.801927,10.331520,16.079495,19.693579,
11.659131,11.815221,10.319399,15.996744,19.534167,
11.659131,11.828515,10.307663,15.913853,19.373283,
11.659131,11.841806,10.296322,15.830846,19.211005,
11.659131,11.855096,10.285384,15.747750,19.047412,
11.659131,11.868384,10.274858,15.664590,18.882582,
11.659131,11.881670,10.264753,15.581393,18.716593,
11.659131,11.894954,10.255075,15.498184,18.549527,
11.659131,11.908236,10.245835,15.414988,18.381462,
11.659131,11.921516,10.237040,15.331833,18.212479,
11.659131,11.934793,10.228698,15.248745,18.042659,
11.659131,11.948067,10.220817,15.165748,17.872083,
11.659131,11.961339,10.213405,15.082870,17.700831,
11.659131,11.974607,10.206470,15.000135,17.528986,
11.659131,11.987873,10.200019,14.917572,17.356628,
11.659131,12.001136,10.194060,14.835204,17.183838,
11.659131,12.014396,10.188601,14.753059,17.010698,
11.659131,12.027652,10.183647,14.671161,16.837288,
11.659131,12.040904,10.179208,14.589538,16.663690,
11.659131,12.054154,10.175289,14.508215,16.489984,
11.659131,12.067399,10.171898,14.427218,16.316251,
11.659131,12.080641,10.169041,14.346572,16.142570,
11.659131,12.093878,10.166725,14.266304,15.969022,
11.659131,12.107112,10.164957,14.186438,15.795684,
11.659131,12.120341,10.163743,14.107001,15.622636,
11.659131,12.133566,10.163089,14.028018,15.449956,
11.659131,12.146786,10.163002,13.949514,15.277721,
11.659131,12.160002,10.163486,13.871515,15.106008,
11.659131,12.173214,10.164549,13.794045,14.934892,
11.659131,12.186420,10.166196,13.717130,14.764450,
11.659131,12.199621,10.168433,13.640794,14.594755,
11.659131,12.212818,10.171264,13.565063,14.425880,
11.659131,12.226009,10.174696,13.489961,14.257900,
11.659131,12.239194,10.178733,13.415513,14.090884,
11.659131,12.252375,10.183381,13.341742,13.924904,
11.659131,12.265549,10.188644,13.268673,13.760029,
11.659131,12.278718,10.194526,13.196330,13.596327,
11.659131,12.291882,10.201034,13.124738,13.433866,
11.659131,12.305039,10.208170,13.053919,13.272712,
11.659131,12.318190,10.215939,12.983897,13.112930,
11.659131,12.331335,10.224346,12.914695,12.954584,
11.659131,12.344473,10.233394,12.846337,12.797735,
11.659131,12.357606,10.243088,12.778845,12.642445,
11.659131,12.370731,10.253430,12.712242,12.488773,
11.659131,12.383850,10.264424,12.646550,12.336778,
11.659131,12.396962,10.276074,12.581792,12.186516,
11.659131,12.410067,10.288383,12.517990,12.038042,
11.659131,12.423165,10.301353,12.455165,11.891412,
11.659131,12.436256,10.314988,12.393339,11.746676,
11.659131,12.449340,10.329291,12.332533,11.603887,
11.659131,12.462416,10.344263,12.272769,11.463092,
11.659131,12.475484,10.359908,12.214066,11.324340,
11.659131,12.488545,10.376227,12.156445,11.187677,
11.659131,12.501598,10.393223,12.099927,11.053148,
11.659131,12.514643,10.410897,12.044531,10.920795,
11.659131,12.527680,10.429252,11.990277,10.790660,
11.659131,12.540709,10.448288,11.937184,10.662782,
11.659131,12.553730,10.468008,11.885271,10.537200,
11.659131,12.566742,10.488412,11.834557,10.413949,
11.659131,12.579746,10.509502,11.785060,10.293065,
11.659131,12.592741,10.531278,11.736798,10.174579,
11.659131,12.605727,10.553741,11.689790,10.058525,
11.659131,12.618704,10.576892,11.644051,9.944930,
11.659131,12.631672,10.600731,11.599600,9.833823,
11.659131,12.644631,10.625258,11.556453,9.725230,
11.659131,12.657581,10.650474,11.514627,9.619176,
11.659131,12.670522,10.676379,11.474136,9.515684,
11.659131,12.683453,10.702972,11.434998,9.414774,
11.659131,12.696374,10.730252,11.397227,9.316467,
11.659131,12.709285,10.758220,11.360838,9.220779,
11.659131,12.722187,10.786874,11.325846,9.127728,
11.659131,12.735078,10.816213,11.292265,9.037328,
11.659131,12.747960,10.846237,11.260108,8.949592,
11.659131,12.760831,10.876944,11.229389,8.864531,
11.659131,12.773692,10.908333,11.200122,8.782156,
11.659131,12.786542,10.940402,11.172317,8.702473,
11.659131,12.799382,10.973150,11.145988,8.625490,
11.659131,12.812211,11.006574,11.121147,8.551213,
11.659131,12.825029,11.040673,11.097805,8.479644,
11.659131,12.837836,11.075444,11.075972,8.410786,
11.659131,12.850633,11.110885,11.055660,8.344639,
11.659131,12.863417,11.146993,11.036878,8.281203,
11.659131,12.876191,11.183766,11.019636,8.220476,
11.659131,12.888953,11.221200,11.003943,8.162454,
11.659131,12.901704,11.259293,10.989808,8.107132,
11.659131,12.914442,11.298042,10.977240,8.054503,
11.659131,12.927169,11.337442,10.966247,8.004562,
11.659131,12.939884,11.377492,10.956835,7.957297,
11.659131,12.952587,11.418186,10.949012,7.912701,
11.659131,12.965278,11.459521,10.942785,7.870761,
11.659131,12.977957,11.501493,10.938159,7.831465,
11.659131,12.990623,11.544098,10.935141,7.794800,
11.659131,13.003277,11.587332,10.933735,7.760752,
11.659131,13.015918,11.631190,10.933947,7.729303,
11.659131,13.028546,11.675668,10.935780,7.700439,
11.659131,13.041161,11.720760,10.939239,7.674142,
11.659131,13.053763,11.766462,10.944327,7.650392,
11.659131,13.066352,11.812769,10.951046,7.629171,
11.659131,13.078928,11.859676,10.959400,7.610458,
11.659131,13.091491,11.907177,10.969390,7.594232,
11.659131,13.104040,11.955266,10.981018,7.580472,
11.659131,13.116575,12.003939,10.994285,7.569155,
11.659131,13.129097,12.053189,11.009191,7.560257,
11.659131,13.141605,12.103010,11.025737,7.553755,
11.659131,13.154099,12.153397,11.043921,7.549624,
11.659131,13.166579,12.204343,11.063743,7.547839,
11.659131,13.179045,12.255842,11.085203,7.548374,
11.659131,13.191496,12.307886,11.108297,7.551204,
11.659131,13.203933,12.360471,11.133024,7.556301,
11.659131,13.216355,12.413588,11.159380,7.563638,
11.659131,13.228763,12.467232,11.187364,7.573189,
11.659131,13.241156,12.521394,11.216969,7.584925,
11.659131,13.253534,12.576068,11.248194,7.598819,
11.659131,13.265897,12.631247,11.281032,7.614842,
11.659131,13.278245,12.686923,11.315479,7.632966,
11.659131,13.290578,12.743089,11.351529,7.653162,
11.659131,13.302895,12.799736,11.389175,7.675402,
11.659131,13.315197,12.856858,11.428412,7.699656,
11.659131,13.327484,12.914446,11.469231,7.725896,
11.659131,13.339754,12.972493,11.511626,7.754093,
11.659131,13.352009,13.030990,11.555589,7.784217,
11.659131,13.364248,13.089928,11.601110,7.816240,
11.659131,13.376471,13.149301,11.648181,7.850134,
11.659131,13.388677,13.209099,11.696792,7.885868,
11.659131,13.400868,13.269313,11.746934,7.923416,
11.659131,13.413042,13.329935,11.798596,7.962748,
11.659131,13.425199,13.390957,11.851767,8.003836,
11.659131,13.437340,13.452369,11.906435,8.046653,
11.659131,13.449464,13.514162,11.962590,8.091171,
11.659131,13.461571,13.576328,12.020218,8.137362,
11.659131,13.473662,13.638857,12.079307,8.185199,
11.659131,13.485735,13.701740,12.139844,8.234656,
11.659131,13.497791,13.764967,12.201816,8.285707,
11.659131,13.509830,13.828530,12.265207,8.338325,
11.659131,13.521851,13.892418,12.330004,8.392485,
11.659131,13.533855,13.956623,12.396192,8.448162,
11.659131,13.545841,14.021133,12.463755,8.505332,
11.659131,13.557809,14.085941,12.532678,8.563969,
11.659131,13.569760,14.151035,12.602944,8.624052,
11.659131,13.581692,14.216406,12.674537,8.685555,
11.659131,13.593606,14.282043,12.747439,8.748458,
11.659131,13.605503,14.347938,12.821634,8.812738,
11.659131,13.617380,14.414079,12.897102,8.878373,
11.659131,13.629240,14.480457,12.973826,8.945343,
11.659131,13.641081,14.547061,13.051788,9.013626,
11.659131,13.652903,14.613880,13.130967,9.083205,
11.659131,13.664707,14.680906,13.211345,9.154058,
11.659131,13.676491,14.748126,13.292901,9.226168,
11.659131,13.688257,14.815531,13.375615,9.299517,
11.659131,13.700003,14.883109,13.459467,9.374088,
11.659131,13.711731,14.950852,13.544435,9.449863,
11.659131,13.723439,15.018747,13.630499,9.526826,
11.659131,13.735127,15.086784,13.717635,9.604962,
11.659131,13.746796,15.154952,13.805823,9.684256,
11.659131,13.758446,15.223241,13.895039,9.764694,
11.659131,13.770075,15.291640,13.985261,9.846262,
11.659131,13.781685,15.360138,14.076465,9.928946,
11.659131,13.793275,15.428724,14.168629,10.012734,
11.659131,13.804844,15.497387,14.261727,10.097614,
11.659131,13.816394,15.566116,14.355737,10.183575,
11.659131,13.827923,15.634900,14.450633,10.270606,
11.659131,13.839432,15.703729,14.546390,10.358696,
11.659131,13.850920,15.772591,14.642984,10.447835,
11.659131,13.862388,15.841476,14.740389,10.538014,
11.659131,13.873834,15.910372,14.838580,10.629225,
11.659131,13.885260,15.979268,14.937529,10.721459,
11.659131,13.896665,16.048153,15.037212,10.814707,
11.659131,13.908049,16.117016,15.137602,10.908963,
11.659131,13.919412,16.185846,15.238671,11.004220,
11.659131,13.930754,16.254633,15.340393,11.100470,
11.659131,13.942074,16.323364,15.442740,11.197708,
11.659131,13.953373,16.392029,15.545685,11.295928,
11.659131,13.964650,16.460617,15.649200,11.395123,
11.659131,13.975905,16.529117,15.753257,11.495289,
11.659131,13.987139,16.597518,15.857828,11.596421,
11.659131,13.998351,16.665808,15.962884,11.698514,
11.659131,14.009540,16.733977,16.068396,11.801563,
11.659131,14.020708,16.802014,16.174337,11.905564,
11.659131,14.031853,16.869907,16.280676,12.010513,
11.659131,14.042976,16.937647,16.387385,12.116405,
11.659131,14.054077,17.005221,16.494433,12.223237,
11.659131,14.065155,17.072619,16.601793,12.331006,
11.659131,14.076210,17.139831,16.709433,12.439706,
11.659131,14.087243,17.206845,16.817324,12.549335,
11.659131,14.098252,17.273650,16.925437,12.659888,
11.659131,14.109239,17.340236,17.033740,12.771362,
11.659131,14.120203,17.406593,17.142203,12.883753,
11.659131,14.131143,17.472709,17.250797,12.997057,
11.659131,14.142061,17.538573,17.359491,13.111268,
11.659131,14.152955,17.604176,17.468253,13.226384,
11.659131,14.163825,17.669507,17.577054,13.342400,
11.659131,14.174672,17.734555,17.685863,13.459310,
11.659131,14.185495,17.799310,17.794649,13.577110,
11.659131,14.196295,17.863762,17.903381,13.695793,
11.659131,14.207070,17.927900,18.012027,13.815355,
11.659131,14.217822,17.991714,18.120558,13.935790,
11.659131,14.228549,18.055194,18.228942,14.057090,
11.659131,14.239252,18.118329,18.337148,14.179249,
11.659131,14.249931,18.181111,18.445144,14.302259,
11.659131,14.260586,18.243528,18.552901,14.426112,
11.659131,14.271216,18.305571,18.660386,14.550801,
11.659131,14.281822,18.367230,18.767568,14.676315,
11.659131,14.292403,18.428496,18.874417,14.802645,
11.659131,14.302959,18.489359,18.980902,14.929781,
11.659131,14.313490,18.549808,19.086991,15.057712,
11.659131,14.323996,18.609836,19.192654,15.186427,
11.659131,14.334477,18.669432,19.297859,15.315912,
11.659131,14.344933,18.728587,19.402575,15.446155,
11.659131,14.355364,18.787292,19.506773,15.577143,
11.659131,14.365769,18.845538,19.610421,15.708860,
11.659131,14.376149,18.903316,19.713488,15.841291,
11.659131,14.386503,18.960617,19.815944,15.974421,
11.659131,14.396832,19.017431,19.917759,16.108231,
11.659131,14.407135,19.073752,20.018902,16.242703,
11.659131,14.417412,19.129569,20.119343,16.377820,
11.659131,14.427662,19.184874,20.219052,16.513561,
11.659131,14.437887,19.239659,20.317999,16.649905,
11.659131,14.448086,19.293916,20.416154,16.786831,
11.659131,14.458259,19.347636,20.513488,16.924316,
11.659131,14.468405,19.400812,20.609971,17.062336,
11.659131,14.478525,19.453436,20.705574,17.200867,
11.659131,14.488618,19.505499,20.800267,17.339883,
11.659131,14.498684,19.556994,20.894022,17.479358,
11.659131,14.508724,19.607914,20.986811,17.619262,
11.659131,14.518737,19.658250,21.078604,17.759569,
11.659131,14.528723,19.707997,21.169373,17.900248,
11.659131,14.538682,19.757145,21.259091,18.041267,
11.659131,14.548614,19.805690,21.347729,18.182596,
11.659131,14.558519,19.853622,21.435259,18.324200,
11.659131,14.568397,19.900937,21.521656,18.466047,
11.659131,14.578247,19.947626,21.606890,18.608101,
11.659131,14.588069,19.993684,21.690936,18.750325,
11.659131,14.597864,20.039104,21.773767,18.892682,
11.659131,14.607632,20.083880,21.855357,19.035134,
11.659131,14.617371,20.128006,21.935680,19.177642,
11.659131,14.627083,20.171475,22.014710,19.320165,
11.659131,14.636767,20.214282,22.092422,19.462662,
11.659131,14.646423,20.256422,22.168790,19.605089,
11.659131,14.656051,20.297888,22.243790,19.747405,
11.659131,14.665650,20.338675,22.317398,19.889563,
11.659131,14.675221,20.378778,22.389590,20.031519,
11.659131,14.684764,20.418192,22.460341,20.173225,
11.659131,14.694279,20.456912,22.529629,20.314635,
11.659131,14.703764,20.494933,22.597430,20.455701,
11.659131,14.713221,20.532250,22.663722,20.596372,
11.659131,14.722650,20.568860,22.728482,20.736599,
11.659131,14.732049,20.604756,22.791689,20.876330,
11.659131,14.741420,20.639937,22.853321,21.015514,
11.659131,14.750762,20.674396,22.913358,21.154098,
11.659131,14.760074,20.708131,22.971777,21.292028,
11.659131,14.769357,20.741138,23.028560,21.429249,
11.659131,14.778611,20.773412,23.083685,21.565708,
11.659131,14.787836,20.804952,23.137134,21.701348,
11.659131,14.797031,20.835753,23.188888,21.836113,
11.659131,14.806197,20.865812,23.238928,21.969946,
11.659131,14.815333,20.895127,23.287236,22.102788,
11.659131,14.824440,20.923694,23.333794,22.234583,
11.659131,14.833516,20.951511,23.378584,22.365270,
11.659131,14.842563,20.978576,23.421591,22.494792,
11.659131,14.851580,21.004886,23.462797,22.623087,
11.659131,14.860566,21.030440,23.502187,22.750097,
11.659131,14.869523,21.055234,23.539745,22.875760,
11.659131,14.878449,21.079269,23.575456,23.000016,
11.659131,14.887345,21.102540,23.609306,23.122803,
11.659131,14.896211,21.125049,23.641282,23.244062,
11.659131,14.905046,21.146792,23.671368,23.363729,
11.659131,14.913851,21.167770,23.699553,23.481743,
11.659131,14.922625,21.187980,23.725824,23.598044,
11.659131,14.931368,21.207423,23.750169,23.712568,
11.659131,14.940080,21.226097,23.772576,23.825254,
11.659131,14.948762,21.244002,23.793035,23.936041,
11.659131,14.957413,21.261138,23.811534,24.044866,
11.659131,14.966032,21.277505,23.828065,24.151669,
11.659131,14.974621,21.293103,23.842617,24.256388,
11.659131,14.983178,21.307931,23.855183,24.358962,
11.659131,14.991704,21.321991,23.865752,24.459330,
11.659131,15.000198,21.335283,23.874319,24.557432,
11.659131,15.008662,21.347808,23.880874,24.653209,
11.659131,15.017093,21.359566,23.885412,24.746600,
11.659131,15.025493,21.370558,23.887927,24.837547,
11.659131,15.033862,21.380786,23.888413,24.925992,
11.659131,15.042198,21.390251,23.886864,25.011876,
11.659131,15.050503,21.398955,23.883276,25.095142,
11.659131,15.058776,21.406900,23.877646,25.175735,
11.659131,15.067017,21.414086,23.869969,25.253598,
11.659131,15.075225,21.420517,23.860243,25.328677,
11.659131,15.083402,21.426194,23.848466,25.400919,
11.659131,15.091546,21.431120,23.834635,25.470269,
11.659131,15.099658,21.435297,23.818750,25.536676,
11.659131,15.107738,21.438728,23.800810,25.600090,
11.659131,15.115785,21.441416,23.780815,25.660460,
11.659131,15.123800,21.443364,23.758766,25.717738,
11.659131,15.131782,21.444575,23.734662,25.771876,
11.659131,15.139731,21.445052,23.708507,25.822828,
11.659131,15.147648,21.444799,23.680302,25.870549,
11.659131,15.155532,21.443820,23.650050,25.914996,
11.659131,15.163382,21.442118,23.617754,25.956126,
11.659131,15.171200,21.439697,23.583419,25.993899,
11.659131,15.178985,21.436561,23.547048,26.028274,
11.659131,15.186737,21.432714,23.508648,26.059215,
11.659131,15.194455,21.428162,23.468222,26.086685,
11.659131,15.202141,21.422908,23.425778,26.110649,
11.659131,15.209792,21.416958,23.381322,26.131074,
11.659131,15.217411,21.410315,23.334862,26.147930,
11.659131,15.224996,21.402986,23.286405,26.161185,
11.659131,15.232547,21.394975,23.235960,26.170814,
11.659131,15.240065,21.386287,23.183535,26.176788,
11.659131,15.247549,21.376928,23.129141,26.179085,
11.659131,15.254999,21.366904,23.072787,26.177682,
11.659131,15.262416,21.356220,23.014484,26.172558,
11.659131,15.269798,21.344882,22.954244,26.163695,
11.659131,15.277147,21.332897,22.892077,26.151076,
11.659131,15.284461,21.320269,22.827997,26.134686,
11.659131,15.291742,21.307007,22.762016,26.114514,
11.659131,15.298988,21.293115,22.694147,26.090547,
11.659131,15.306200,21.278600,22.624404,26.062779,
11.659131,15.313377,21.263470,22.552803,26.031202,
11.659131,15.320520,21.247731,22.479357,25.995813,
11.659131,15.327629,21.231390,22.404082,25.956608,
11.659131,15.334703,21.214454,22.326995,25.913588,
11.659131,15.341743,21.196930,22.248112,25.866754,
11.659131,15.348748,21.178825,22.167449,25.816112,
11.659131,15.355718,21.160147,22.085026,25.761667,
11.659131,15.362653,21.140904,22.000859,25.703428,
11.659131,15.369554,21.121103,21.914967,25.641405,
11.659131,15.376420,21.100751,21.827370,25.575612,
11.659131,15.383250,21.079858,21.738087,25.506064,
11.659131,15.390046,21.058430,21.647138,25.432778,
11.659131,15.396806,21.036476,21.554543,25.355773,
11.659131,15.403531,21.014004,21.460325,25.275071,
11.659131,15.410222,20.991022,21.364504,25.190697,
11.659131,15.416876,20.967540,21.267102,25.102675,
11.659131,15.423496,20.943564,21.168142,25.011036,
11.659131,15.430080,20.919105,21.067647,24.915808,
11.659131,15.436628,20.894171,20.965640,24.817024,
11.659131,15.443141,20.868770,20.862145,24.714720,
11.659131,15.449618,20.842911,20.757186,24.608931,
11.659131,15.456060,20.816604,20.650789,24.499698,
11.659131,15.462466,20.789858,20.542977,24.387060,
11.659131,15.468836,20.762681,20.433778,24.271062,
11.659131,15.475170,20.735084,20.323216,24.151748,
11.659131,15.481468,20.707075,20.211318,24.029165,
11.659131,15.487730,20.678663,20.098112,23.903363,
11.659131,15.493957,20.649859,19.983624,23.774393,
11.659131,15.500147,20.620672,19.867881,23.642308,
11.659131,15.506301,20.591112,19.750913,23.507162,
11.659131,15.512419,20.561188,19.632747,23.369014,
11.659131,15.518500,20.530910,19.513411,23.227921,
11.659131,15.524545,20.500288,19.392936,23.083944,
11.659131,15.530554,20.469333,19.271350,22.937145,
11.659131,15.536527,20.438053,19.148684,22.787589,
11.659131,15.542463,20.406459,19.024967,22.635341,
11.659131,15.548362,20.374561,18.900229,22.480468,
11.659131,15.554225,20.342370,18.774503,22.323040,
11.659131,15.560051,20.309895,18.647818,22.163127,
11.659131,15.565840,20.277147,18.520206,22.000800,
11.659131,15.571593,20.244136,18.391699,21.836134,
11.659131,15.577308,20.210873,18.262329,21.669204,
11.659131,15.582987,20.177367,18.132128,21.500085,
11.659131,15.588629,20.143630,18.001129,21.328855,
11.659131,15.594234,20.109672,17.869365,21.155594,
11.659131,15.599802,20.075503,17.736867,20.980380,
11.659131,15.605333,20.041134,17.603671,20.803296,
11.659131,15.610827,20.006575,17.469809,20.624423,
11.659131,15.616283,19.971838,17.335315,20.443845,
11.659131,15.621702,19.936932,17.200224,20.261646,
11.659131,15.627084,19.901869,17.064568,20.077912,
11.659131,15.632429,19.866659,16.928384,19.892728,
11.659131,15.637736,19.831313,16.791705,19.706181,
11.659131,15.643006,19.795841,16.654566,19.518359,
11.659131,15.648238,19.760255,16.517002,19.329350,
11.659131,15.653433,19.724564,16.379048,19.139243,
11.659131,15.658590,19.688780,16.240740,18.948128,
11.659131,15.663709,19.652914,16.102112,18.756094,
11.659131,15.668791,19.616976,15.963202,18.563232,
11.659131,15.673835,19.580977,15.824043,18.369633,
11.659131,15.678841,19.544928,15.684672,18.175387,
11.659131,15.683810,19.508839,15.545124,17.980586,
11.659131,15.688740,19.472721,15.405437,17.785321,
11.659131,15.693633,19.436585,15.265645,17.589684,
11.659131,15.698488,19.400442,15.125786,17.393767,
11.659131,15.703304,19.364302,14.985894,17.197660,
11.659131,15.708083,19.328177,14.846007,17.001456,
11.659131,15.712823,19.292076,14.706161,16.805245,
11.659131,15.717525,19.256010,14.566392,16.609120,
11.659131,15.722190,19.219990,14.426737,16.413170,
11.659131,15.726815,19.184027,14.287232,16.217486,
11.659131,15.731403,19.148131,14.147912,16.022158,
11.659131,15.735952,19.112313,14.008816,15.827276,
11.659131,15.740463,19.076582,13.869979,15.632929,
11.659131,15.744935,19.040950,13.731437,15.439206,
11.659131,15.749369,19.005427,13.593228,15.246194,
11.659131,15.753765,18.970023,13.455386,15.053980,
11.659131,15.758122,18.934749,13.317949,14.862651,
11.659131,15.762440,18.899615,13.180952,14.672292,
11.659131,15.766720,18.864631,13.044433,14.482988,
11.659131,15.770961,18.829807,12.908425,14.294823,
11.659131,15.775163,18.795153,12.772967,14.107880,
11.659131,15.779327,18.760680,12.638093,13.922239,
11.659131,15.783452,18.726398,12.503839,13.737982,
11.659131,15.787538,18.692315,12.370241,13.555188,
11.659131,15.791585,18.658443,12.237334,13.373935,
11.659131,15.795593,18.624791,12.105154,13.194301,
11.659131,15.799563,18.591369,11.973735,13.016360,
11.659131,15.803493,18.558186,11.843113,12.840187,
11.659131,15.807384,18.525252,11.713323,12.665856,
11.659131,15.811237,18.492576,11.584399,12.493436,
11.659131,15.815050,18.460169,11.456375,12.322999,
11.659131,15.818824,18.428038,11.329287,12.154613,
11.659131,15.822559,18.396194,11.203167,11.988344,
11.659131,15.826255,18.364646,11.078051,11.824258,
11.659131,15.829911,18.333403,10.953970,11.662418,
11.659131,15.833529,18.302473,10.830959,11.502886,
11.659131,15.837107,18.271867,10.709052,11.345723,
11.659131,15.840645,18.241591,10.588279,11.190987,
11.659131,15.844145,18.211656,10.468676,11.038735,
11.659131,15.847604,18.182070,10.350272,10.889020,
11.659131,15.851025,18.152842,10.233102,10.741898,
11.659131,15.854406,18.123979,10.117196,10.597417,
11.659131,15.857748,18.095490,10.002585,10.455629,
11.659131,15.861050,18.067384,9.889302,10.316580,
11.659131,15.864312,18.039668,9.777376,10.180315,
11.659131,15.867535,18.012351,9.666838,10.046879,
11.659131,15.870718,17.985440,9.557719,9.916312,
11.659131,15.873862,17.958943,9.450048,9.788654,
11.659131,15.876966,17.932868,9.343854,9.663943,
11.659131,15.880030,17.907222,9.239167,9.542214,
11.659131,15.883055,17.882013,9.136015,9.423502,
11.659131,15.886040,17.857248,9.034427,9.307836,
11.659131,15.888985,17.832934,8.934431,9.195248,
11.659131,15.891890,17.809078,8.836054,9.085764,
11.659131,15.894755,17.785688,8.739322,8.979410,
11.659131,15.897581,17.762769,8.644264,8.876209,
11.659131,15.900366,17.740330,8.550905,8.776183,
11.659131,15.903112,17.718375,8.459272,8.679351,
11.659131,15.905818,17.696912,8.369389,8.585731,
11.659131,15.908484,17.675947,8.281281,8.495337,
11.659131,15.911109,17.655486,8.194974,8.408184,
11.659131,15.913695,17.635535,8.110491,8.324283,
11.659131,15.916241,17.616099,8.027856,8.243642,
11.659131,15.918746,17.597186,7.947092,8.166271,
11.659131,15.921212,17.578799,7.868223,8.092173,
11.659131,15.923637,17.560945,7.791269,8.021352,
11.659131,15.926023,17.543630,7.716253,7.953812,
11.659131,15.928368,17.526857,7.643196,7.889550,
11.659131,15.930673,17.510632,7.572118,7.828565,
11.659131,15.932937,17.494960,7.503041,7.770853,
11.659131,15.935162,17.479846,7.435984,7.716409,
11.659131,15.937346,17.465294,7.370966,7.665224,
11.659131,15.939490,17.451309,7.308005,7.617290,
11.659131,15.941594,17.437894,7.247120,7.572596,
11.659131,15.943657,17.425054,7.188329,7.531128,
11.659131,15.945680,17.412794,7.131648,7.492873,
11.659131,15.947663,17.401116,7.077094,7.457815,
11.659131,15.949605,17.390025,7.024684,7.425935,
11.659131,15.951507,17.379523,6.974432,7.397216,
11.659131,15.953369,17.369615,6.926354,7.371635,
11.659131,15.955190,17.360302,6.880463,7.349172,
11.659131,15.956971,17.351590,6.836774,7.329801,
11.659131,15.958711,17.343479,6.795299,7.313500,
11.659131,15.960411,17.335974,6.756052,7.300240,
11.659131,15.962070,17.329076,6.719045,7.289995,
11.659131,15.963689,17.322788,6.684288,7.282735,
11.659131,15.965267,17.317112,6.651793,7.278431,
11.659131,15.966805,17.312049,6.621570,7.277050,
11.659131,15.968302,17.307603,6.593629,7.278561,
11.659131,15.969759,17.303775,6.567979,7.282930,
11.659131,15.971175,17.300566,6.544628,7.290123,
11.659131,15.972551,17.297978,6.523584,7.300103,
11.659131,15.973885,17.296011,6.504855,7.312834,
11.659131,15.975180,17.294667,6.488447,7.328279,
11.659131,15.976433,17.293948,6.474367,7.346399,
11.659131,15.977646,17.293853,6.462620,7.367155,
11.659131,15.978819,17.294383,6.453210,7.390508,
11.659131,15.979950,17.295538,6.446142,7.416417,
11.659131,15.981042,17.297320,6.441420,7.444840,
11.659131,15.982092,17.299727,6.439047,7.475736,
11.659131,15.983102,17.302760,6.439025,7.509062,
11.659131,15.984071,17.306419,6.441357,7.544776,
11.659131,15.984999,17.310702,6.446042,7.582833,
11.659131,15.985886,17.315611,6.453082,7.623192,
11.659131,15.986733,17.321143,6.462477,7.665806,
11.659131,15.987539,17.327297,6.474226,7.710633,
11.659131,15.988305,17.334074,6.488328,7.757626,
11.659131,15.989029,17.341471,6.504781,7.806742,
11.659131,15.989713,17.349487,6.523583,7.857936,
11.659131,15.990356,17.358121,6.544730,7.911162,
11.659131,15.990959,17.367371,6.568219,7.966374,
11.659131,15.991520,17.377234,6.594045,8.023529,
11.659131,15.992041,17.387709,6.622203,8.082580,
11.659131,15.992521,17.398794,6.652688,8.143483,
11.659131,15.992960,17.410486,6.685494,8.206192,
11.659131,15.993359,17.422783,6.720614,8.270663,
11.659131,15.993716,17.435681,6.758040,8.336851,
11.659131,15.994033,17.449179,6.797764,8.404711,
11.659131,15.994309,17.463273,6.839779,8.474200,
11.659131,15.994544,17.477959,6.884074,8.545274,
11.659131,15.994739,17.493235,6.930639,8.617889,
11.659131,15.994892,17.509097,6.979466,8.692002,
11.659131,15.995005,17.525541,7.030541,8.767571,
11.659131,15.995077,17.542564,7.083855,8.844554,
11.659131,15.995108,17.560161,7.139394,8.922909,
11.659131,15.995098,17.578329,7.197146,9.002595,
11.659131,15.995048,17.597062,7.257098,9.083571,
11.659131,15.994957,17.616358,7.319236,9.165798,
11.659131,15.994825,17.636210,7.383544,9.249237,
11.659131,15.994652,17.656615,7.450009,9.333849,
11.659131,15.994438,17.677567,7.518614,9.419596,
11.659131,15.994184,17.699062,7.589343,9.506442,
11.659131,15.993888,17.721094,7.662180,9.594349,
11.659131,15.993552,17.743658,7.737107,9.683282,
11.659131,15.993175,17.766749,7.814107,9.773206,
11.659131,15.992758,17.790360,7.893160,9.864088,
11.659131,15.992299,17.814487,7.974249,9.955894,
11.659131,15.991800,17.839123,8.057353,10.048591,
11.659131,15.991260,17.864262,8.142453,10.142149,
11.659131,15.990679,17.889898,8.229527,10.236537,
11.659131,15.990057,17.916026,8.318556,10.331725,
11.659131,15.989395,17.942637,8.409517,10.427684,
11.659131,15.988692,17.969726,8.502389,10.524387,
11.659131,15.987948,17.997287,8.597148,10.621806,
11.659131,15.987163,18.025311,8.693773,10.719915,
11.659131,15.986338,18.053793,8.792238,10.818690,
11.659131,15.985472,18.082725,8.892521,10.918106,
11.659131,15.984565,18.112101,8.994597,11.018139,
11.659131,15.983618,18.141912,9.098440,11.118769,
11.659131,15.982629,18.172151,9.204026,11.219972,
11.659131,15.981600,18.202811,9.311328,11.321729,
11.659131,15.980531,18.233885,9.420321,11.424021,
11.659131,15.979421,18.265363,9.530977,11.526828,
11.659131,15.978270,18.297239,9.643269,11.630134,
11.659131,15.977078,18.329504,9.757169,11.733920,
11.659131,15.975846,18.362151,9.872651,11.838172,
11.659131,15.974573,18.395170,9.989684,11.942875,
11.659131,15.973259,18.428554,10.108241,12.048014,
11.659131,15.971905,18.462294,10.228292,12.153576,
11.659131,15.970511,18.496382,10.349807,12.259549,
11.659131,15.969075,18.530809,10.472757,12.365921,
11.659131,15.967600,18.565566,10.597110,12.472681,
11.659131,15.966083,18.600644,10.722837,12.579820,
11.659131,15.964526,18.636035,10.849906,12.687328,
11.659131,15.962929,18.671729,10.978286,12.795197,
11.659131,15.961291,18.707718,11.107945,12.903419,
11.659131,15.959612,18.743992,11.238850,13.011988,
11.659131,15.957894,18.780541,11.370970,13.120896,
11.659131,15.956134,18.817357,11.504272,13.230138,
11.659131,15.954334,18.854430,11.638723,13.339709,
11.659131,15.952494,18.891750,11.774289,13.449605,
11.659131,15.950613,18.929308,11.910936,13.559822,
11.659131,15.948692,18.967094,12.048632,13.670355,
11.659131,15.946731,19.005099,12.187341,13.781204,
11.659131,15.944729,19.043312,12.327029,13.892364,
11.659131,15.942687,19.081723,12.467662,14.003835,
11.659131,15.940605,19.120324,12.609205,14.115614,
11.659131,15.938482,19.159103,12.751623,14.227701,
11.659131,15.936319,19.198050,12.894880,14.340094,
11.659131,15.934115,19.237156,13.038941,14.452794,
11.659131,15.931872,19.276411,13.183770,14.565799,
11.659131,15.929588,19.315803,13.329331,14.679110,
11.659131,15.927264,19.355323,13.475589,14.792728,
11.659131,15.924900,19.394960,13.622506,14.906652,
11.659131,15.922496,19.434704,13.770047,15.020883,
11.659131,15.920051,19.474545,13.918174,15.135421,
11.659131,15.917567,19.514471,14.066852,15.250268,
11.659131,15.915042,19.554473,14.216043,15.365424,
11.659131,15.912478,19.594541,14.365710,15.480889,
11.659131,15.909873,19.634662,14.515817,15.596663,
11.659131,15.907228,19.674827,14.666326,15.712749,
11.659131,15.904544,19.715025,14.817200,15.829145,
11.659131,15.901819,19.755246,14.968401,15.945852,
11.659131,15.899055,19.795479,15.119893,16.062869,
11.659131,15.896250,19.835712,15.271638,16.180198,
11.659131,15.893406,19.875936,15.423597,16.297836,
11.659131,15.890522,19.916139,15.575735,16.415783,
11.659131,15.887598,19.956311,15.728013,16.534037,
11.659131,15.884634,19.996441,15.880393,16.652598,
11.659131,15.881630,20.036518,16.032839,16.771463,
11.659131,15.878587,20.076532,16.185312,16.890628,
11.659131,15.875504,20.116471,16.337775,17.010092,
11.659131,15.872381,20.156325,16.490190,17.129851,
11.659131,15.869219,20.196084,16.642521,17.249900,
11.659131,15.866017,20.235735,16.794729,17.370234,
11.659131,15.862775,20.275269,16.946777,17.490849,
11.659131,15.859494,20.314675,17.098628,17.611738,
11.659131,15.856173,20.353941,17.250244,17.732894,
11.659131,15.852813,20.393058,17.401589,17.854311,
11.659131,15.849413,20.432014,17.552625,17.975979,
11.659131,15.845974,20.470799,17.703316,18.097890,
11.659131,15.842495,20.509403,17.853624,18.220033,
11.659131,15.838977,20.547814,18.003513,18.342400,
11.659131,15.835420,20.586021,18.152946,18.464977,
11.659131,15.831824,20.624015,18.301887,18.587753,
11.659131,15.828188,20.661784,18.450300,18.710714,
11.659131,15.824513,20.699319,18.598148,18.833847,
11.659131,15.820798,20.736608,18.745396,18.957136,
11.659131,15.817045,20.773642,18.892007,19.080565,
11.659131,15.813252,20.810409,19.037947,19.204118,
11.659131,15.809420,20.846900,19.183179,19.327776,
11.659131,15.805550,20.883104,19.327669,19.451521,
11.659131,15.801640,20.919011,19.471383,19.575332,
11.659131,15.797691,20.954610,19.614284,19.699189,
11.659131,15.793703,20.989892,19.756339,19.823070,
11.659131,15.789677,21.024846,19.897514,19.946951,
11.659131,15.785611,21.059462,20.037774,20.070810,
11.659131,15.781507,21.093731,20.177087,20.194620,
11.659131,15.777364,21.127642,20.315418,20.318356,
11.659131,15.773182,21.161186,20.452735,20.441990,
11.659131,15.768961,21.194353,20.589004,20.565495,
11.659131,15.764702,21.227133,20.724194,20.688841,
11.659131,15.760404,21.259516,20.858273,20.811997,
11.659131,15.756067,21.291493,20.991207,20.934934,
11.659131,15.751692,21.323054,21.122967,21.057617,
11.659131,15.747278,21.354190,21.253520,21.180014,
11.659131,15.742826,21.384892,21.382836,21.302091,
11.659131,15.738335,21.415151,21.510885,21.423811,
11.659131,15.733806,21.444957,21.637636,21.545140,
11.659131,15.729239,21.474301,21.763060,21.666038,
11.659131,15.724633,21.503174,21.887127,21.786469,
11.659131,15.719990,21.531567,22.009808,21.906392,
11.659131,15.715307,21.559473,22.131076,22.025768,
11.659131,15.710587,21.586881,22.250901,22.144556,
11.659131,15.705829,21.613783,22.369256,22.262712,
11.659131,15.701032,21.640172,22.486114,22.380196,
11.659131,15.696198,21.666037,22.601448,22.496962,
11.659131,15.691325,21.691372,22.715231,22.612967,
11.659131,15.686414,21.716168,22.827437,22.728164,
11.659131,15.681466,21.740418,22.938041,22.842509,
11.659131,15.676480,21.764112,23.047018,22.955953,
11.659131,15.671456,21.787243,23.154343,23.068451,
11.659131,15.666394,21.809804,23.259992,23.179952,
11.659131,15.661294,21.831787,23.363941,23.290410,
11.659131,15.656157,21.853184,23.466167,23.399773,
11.659131,15.650982,21.873988,23.566647,23.507993,
11.659131,15.645769,21.894192,23.665359,23.615019,
11.659131,15.640519,21.913789,23.762281,23.720799,
11.659131,15.635232,21.932772,23.857392,23.825283,
11.659131,15.629907,21.951134,23.950671,23.928418,
11.659131,15.624545,21.968867,24.042098,24.030152,
11.659131,15.619145,21.985967,24.131654,24.130433,
11.659131,15.613708,22.002425,24.219318,24.229208,
11.659131,15.608234,22.018236,24.305073,24.326424,
11.659131,15.602723,22.033394,24.388900,24.422027,
11.659131,15.597175,22.047892,24.470781,24.515963,
11.659131,15.591589,22.061725,24.550700,24.608181,
11.659131,15.585967,22.074887,24.628640,24.698625,
11.659131,15.580307,22.087372,24.704586,24.787243,
11.659131,15.574611,22.099175,24.778521,24.873980,
11.659131,15.568878,22.110290,24.850431,24.958784,
11.659131,15.563108,22.120713,24.920301,25.041601,
11.659131,15.557301,22.130437,24.988118,25.122378,
11.659131,15.551458,22.139458,25.053869,25.201061,
11.659131,15.545578,22.147772,25.117542,25.277599,
11.659131,15.539661,22.155374,25.179123,25.351939,
11.659131,15.533708,22.162259,25.238602,25.424029,
11.659131,15.527718,22.168424,25.295967,25.493818,
11.659131,15.521692,22.173863,25.351210,25.561254,
11.659131,15.515630,22.178573,25.404319,25.626288,
11.659131,15.509531,22.182550,25.455286,25.688870,
11.659131,15.503396,22.185790,25.504102,25.748950,
11.659131,15.497225,22.188290,25.550760,25.806480,
11.659131,15.491018,22.190047,25.595251,25.861412,
11.659131,15.484775,22.191056,25.637570,25.913699,
11.659131,15.478495,22.191316,25.677710,25.963296,
11.659131,15.472180,22.190823,25.715666,26.010156,
11.659131,15.465829,22.189575,25.751432,26.054237,
11.659131,15.459442,22.187569,25.785004,26.095494,
11.659131,15.453019,22.184802,25.816379,26.133885,
11.659131,15.446561,22.181272,25.845554,26.169370,
11.659131,15.440067,22.176978,25.872525,26.201908,
11.659131,15.433537,22.171917,25.897291,26.231461,
11.659131,15.426972,22.166087,25.919850,26.257991,
11.659131,15.420371,22.159488,25.940202,26.281462,
11.659131,15.413735,22.152116,25.958347,26.301839,
11.659131,15.407064,22.143972,25.974285,26.319088,
11.659131,15.400357,22.135055,25.988016,26.333178,
11.659131,15.393615,22.125362,25.999544,26.344077,
11.659131,15.386838,22.114894,26.008869,26.351756,
11.659131,15.380026,22.103649,26.015994,26.356188,
11.659131,15.373179,22.091628,26.020924,26.357347,
11.659131,15.366296,22.078831,26.023662,26.355208,
11.659131,15.359379,22.065256,26.024212,26.349749,
11.659131,15.352427,22.050904,26.022580,26.340947,
11.659131,15.345441,22.035776,26.018772,26.328784,
11.659131,15.338420,22.019871,26.012793,26.313242,
11.659131,15.331364,22.003191,26.004651,26.294306,
11.659131,15.324273,21.985735,25.994353,26.271960,
11.659131,15.317148,21.967506,25.981908,26.246192,
11.659131,15.309989,21.948504,25.967323,26.216993,
11.659131,15.302795,21.928730,25.950609,26.184353,
11.659131,15.295567,21.908185,25.931774,26.148267,
11.659131,15.288304,21.886872,25.910830,26.108728,
11.659131,15.281008,21.864792,25.887787,26.065735,
11.659131,15.273677,21.841947,25.862656,26.019287,
11.659131,15.266313,21.818339,25.835450,25.969384,
11.659131,15.258914,21.793969,25.806180,25.916030,
11.659131,15.251482,21.768842,25.774861,25.859230,
11.659131,15.244015,21.742958,25.741506,25.798991,
11.659131,15.236515,21.716321,25.706128,25.735323,
11.659131,15.228982,21.688934,25.668743,25.668237,
11.659131,15.221415,21.660800,25.629366,25.597745,
11.659131,15.213814,21.631922,25.588012,25.523864,
11.659131,15.206180,21.602303,25.544698,25.446610,
11.659131,15.198512,21.571947,25.499441,25.366004,
11.659131,15.190811,21.540857,25.452257,25.282067,
11.659131,15.183077,21.509037,25.403165,25.194821,
11.659131,15.175309,21.476492,25.352182,25.104294,
11.659131,15.167509,21.443226,25.299328,25.010512,
11.659131,15.159675,21.409242,25.244621,24.913505,
11.659131,15.151809,21.374546,25.188082,24.813305,
11.659131,15.143910,21.339141,25.129730,24.709945,
11.659131,15.135978,21.303033,25.069586,24.603462,
11.659131,15.128013,21.266226,25.007672,24.493893,
11.659131,15.120015,21.228727,24.944008,24.381277,
11.659131,15.111985,21.190538,24.878617,24.265656,
11.659131,15.103923,21.151667,24.811521,24.147074,
11.659131,15.095828,21.112119,24.742743,24.025575,
11.659131,15.087700,21.071899,24.672306,23.901208,
11.659131,15.079541,21.031013,24.600233,23.774021,
11.659131,15.071349,20.989468,24.526550,23.644066,
11.659131,15.063125,20.947268,24.451280,23.511394,
11.659131,15.054869,20.904420,24.374448,23.376061,
11.659131,15.046581,20.860932,24.296080,23.238123,
11.659131,15.038261,20.816808,24.216201,23.097637,
11.659131,15.029910,20.772056,24.134838,22.954663,
11.659131,15.021527,20.726683,24.052016,22.809263,
11.659131,15.013112,20.680696,23.967762,22.661498,
11.659131,15.004665,20.634100,23.882103,22.511435,
11.659131,14.996187,20.586905,23.795068,22.359137,
11.659131,14.987678,20.539116,23.706683,22.204673,
11.659131,14.979137,20.490741,23.616976,22.048111,
11.659131,14.970565,20.441789,23.525977,21.889521,
11.659131,14.961962,20.392265,23.433713,21.728975,
11.659131,14.953327,20.342179,23.340214,21.566546,
11.659131,14.944662,20.291538,23.245509,21.402306,
11.659131,14.935966,20.240350,23.149628,21.236331,
11.659131,14.927239,20.188624,23.052600,21.068698,
11.659131,14.918481,20.136367,22.954456,20.899484,
11.659131,14.909692,20.083587,22.855225,20.728766,
11.659131,14.900873,20.030294,22.754939,20.556624,
11.659131,14.892024,19.976496,22.653628,20.383139,
11.659131,14.883144,19.922201,22.551324,20.208390,
11.659131,14.874233,19.867418,22.448057,20.032461,
11.659131,14.865293,19.812157,22.343859,19.855433,
11.659131,14.856322,19.756425,22.238762,19.677389,
11.659131,14.847321,19.700233,22.132798,19.498414,
11.659131,14.838290,19.643589,22.025998,19.318592,
11.659131,14.829229,19.586502,21.918396,19.138007,
11.659131,14.820139,19.528982,21.810023,18.956746,
11.659131,14.811018,19.471039,21.700912,18.774893,
11.659131,14.801868,19.412681,21.591095,18.592534,
11.659131,14.792688,19.353919,21.480606,18.409757,
11.659131,14.783479,19.294762,21.369478,18.226647,
11.659131,14.774241,19.235219,21.257742,18.043292,
11.659131,14.764973,19.175301,21.145434,17.859777,
11.659131,14.755676,19.115018,21.032585,17.676189,
11.659131,14.746349,19.054380,20.919230,17.492616,
11.659131,14.736994,18.993396,20.805401,17.309144,
11.659131,14.727610,18.932077,20.691133,17.125858,
11.659131,14.718197,18.870432,20.576458,16.942846,
11.659131,14.708755,18.808473,20.461411,16.760194,
11.659131,14.699284,18.746210,20.346025,16.577986,
11.659131,14.689785,18.683652,20.230333,16.396307,
11.659131,14.680257,18.620810,20.114370,16.215244,
11.659131,14.670701,18.557696,19.998169,16.034878,
11.659131,14.661116,18.494318,19.881763,15.855296,
11.659131,14.651503,18.430689,19.765188,15.676578,
11.659131,14.641862,18.366818,19.648475,15.498807,
11.659131,14.632193,18.302716,19.531659,15.322065,
11.659131,14.622496,18.238395,19.414774,15.146433,
11.659131,14.612771,18.173863,19.297853,14.971990,
11.659131,14.603018,18.109134,19.180929,14.798815,
11.659131,14.593238,18.044216,19.064036,14.626985,
11.659131,14.583430,17.979122,18.947207,14.456579,
11.659131,14.573594,17.913862,18.830476,14.287671,
11.659131,14.563731,17.848447,18.713876,14.120336,
11.659131,14.553840,17.782887,18.597440,13.954649,
11.659131,14.543923,17.717195,18.481200,13.790680,
11.659131,14.533978,17.651380,18.365190,13.628501,
11.659131,14.524006,17.585454,18.249442,13.468182,
11.659131,14.514007,17.519428,18.133990,13.309791,
11.659131,14.503982,17.453313,18.018865,13.153395,
11.659131,14.493929,17.387119,17.904099,12.999060,
11.659131,14.483850,17.320859,17.789725,12.846850,
11.659131,14.473744,17.254542,17.675775,12.696826,
11.659131,14.463612,17.188181,17.562280,12.549051,
11.659131,14.453453,17.121785,17.449272,12.403584,
11.659131,14.443268,17.055366,17.336782,12.260482,
11.659131,14.433057,16.988936,17.224842,12.119801,
11.659131,14.422820,16.922505,17.113482,11.981596,
11.659131,14.412557,16.856083,17.002732,11.845920,
11.659131,14.402268,16.789683,16.892625,11.712824,
11.659131,14.391953,16.723315,16.783188,11.582357,
11.659131,14.381612,16.656990,16.674454,11.454566,
11.659131,14.371246,16.590719,16.566450,11.329497,
11.659131,14.360854,16.524512,16.459207,11.207194,
11.659131,14.350436,16.458382,16.352754,11.087699,
11.659131,14.339994,16.392338,16.247119,10.971052,
11.659131,14.329526,16.326391,16.142332,10.857291,
11.659131,14.319033,16.260553,16.038420,10.746453,
11.659131,14.308515,16.194834,15.935411,10.638572,
11.659131,14.297972,16.129244,15.833333,10.533681,
11.659131,14.287404,16.063795,15.732213,10.431809,
11.659131,14.276812,15.998496,15.632078,10.332987,
11.659131,14.266194,15.933360,15.532955,10.237240,
11.659131,14.255553,15.868395,15.434870,10.144594,
11.659131,14.244887,15.803613,15.337849,10.055071,
11.659131,14.234196,15.739024,15.241918,9.968693,
11.659131,14.223481,15.674638,15.147101,9.885477,
11.659131,14.212742,15.610466,15.053424,9.805443,
11.659131,14.201980,15.546517,14.960911,9.728603,
11.659131,14.191193,15.482803,14.869586,9.654973,
11.659131,14.180382,15.419333,14.779472,9.584562,
11.659131,14.169548,15.356118,14.690594,9.517382,
11.659131,14.158690,15.293166,14.602973,9.453438,
11.659131,14.147808,15.230489,14.516633,9.392737,
11.659131,14.136903,15.168096,14.431595,9.335283,
11.659131,14.125975,15.105997,14.347881,9.281078,
11.659131,14.115023,15.044201,14.265512,9.230121,
11.659131,14.104049,14.982717,14.184509,9.182412,
11.659131,14.093051,14.921557,14.104891,9.137947,
11.659131,14.082030,14.860728,14.026680,9.096720,
11.659131,14.070987,14.800241,13.949895,9.058726,
11.659131,14.059921,14.740104,13.874553,9.023954,
11.659131,14.048832,14.680327,13.800675,8.992396,
11.659131,14.037721,14.620919,13.728277,8.964039,
11.659131,14.026587,14.561888,13.657378,8.938869,
11.659131,14.015432,14.503244,13.587994,8.916872,
11.659131,14.004254,14.444995,13.520142,8.898031,
11.659131,13.993054,14.387150,13.453839,8.882328,
11.659131,13.981831,14.329718,13.389100,8.869743,
11.659131,13.970588,14.272707,13.325939,8.860255,
11.659131,13.959322,14.216124,13.264373,8.853841,
11.659131,13.948035,14.159980,13.204414,8.850478,
11.659131,13.936726,14.104281,13.146077,8.850141,
11.659131,13.925395,14.049036,13.089375,8.852803,
11.659131,13.914044,13.994252,13.034320,8.858435,
11.659131,13.902671,13.939937,12.980925,8.867010,
11.659131,13.891277,13.886100,12.929201,8.878497,
11.659131,13.879862,13.832746,12.879159,8.892865,
11.659131,13.868426,13.779885,12.830810,8.910081,
11.659131,13.856969,13.727523,12.784164,8.930113,
11.659131,13.845492,13.675667,12.739231,8.952924,
11.659131,13.833994,13.624324,12.696020,8.978481,
11.659131,13.822476,13.573502,12.654538,9.006747,
11.659131,13.810937,13.523206,12.614795,9.037685,
11.659131,13.799378,13.473444,12.576798,9.071257,
11.659131,13.787799,13.424222,12.540553,9.107424,
11.659131,13.776199,13.375546,12.506067,9.146146,
11.659131,13.764580,13.327423,12.473346,9.187384,
11.659131,13.752941,13.279858,12.442395,9.231097,
11.659131,13.741283,13.232858,12.413220,9.277244,
11.659131,13.729604,13.186428,12.385823,9.325781,
11.659131,13.717907,13.140575,12.360210,9.376668,
11.659131,13.706189,13.095303,12.336383,9.429862,
11.659131,13.694453,13.050618,12.314345,9.485318,
11.659131,13.682698,13.006525,12.294098,9.542994,
11.659131,13.670923,12.963029,12.275643,9.602845,
11.659131,13.659129,12.920135,12.258983,9.664828,
11.659131,13.647317,12.877848,12.244116,9.728897,
11.659131,13.635486,12.836173,12.231044,9.795010,
11.659131,13.623636,12.795113,12.219766,9.863119,
11.659131,13.611768,12.754674,12.210280,9.933182,
11.659131,13.599882,12.714859,12.202586,10.005153,
11.659131,13.587977,12.675673,12.196680,10.078987,
11.659131,13.576054,12.637118,12.192560,10.154640,
11.659131,13.564113,12.599200,12.190224,10.232066,
11.659131,13.552154,12.561921,12.189667,10.311221,
11.659131,13.540177,12.525285,12.190885,10.392061,
11.659131,13.528183,12.489295,12.193874,10.474541,
11.659131,13.516171,12.453954,12.198628,10.558618,
11.659131,13.504141,12.419265,12.205141,10.644247,
11.659131,13.492094,12.385230,12.213407,10.731386,
11.659131,13.480030,12.351853,12.223419,10.819990,
11.659131,13.467949,12.319136,12.235170,10.910018,
11.659131,13.455850,12.287080,12.248652,11.001426,
11.659131,13.443735,12.255688,12.263857,11.094174,
11.659131,13.431603,12.224963,12.280775,11.188219,
11.659131,13.419454,12.194904,12.299399,11.283521,
11.659131,13.407289,12.165516,12.319716,11.380039,
11.659131,13.395107,12.136797,12.341719,11.477734,
11.659131,13.382909,12.108751,12.365394,11.576566,
11.659131,13.370695,12.081378,12.390732,11.676496,
11.659131,13.358465,12.054678,12.417720,11.777486,
11.659131,13.346218,12.028653,12.446347,11.879499,
11.659131,13.333956,12.003304,12.476599,11.982499,
11.659131,13.321678,11.978630,12.508463,12.086449,
11.659131,13.309384,11.954632,12.541925,12.191313,
11.659131,13.297075,11.931310,12.576973,12.297057,
11.659131,13.284750,11.908664,12.613590,12.403648,
11.659131,13.272410,11.886694,12.651762,12.511051,
11.659131,13.260055,11.865399,12.691473,12.619235,
11.659131,13.247685,11.844778,12.732708,12.728168,
11.659131,13.235300,11.824832,12.775450,12.837819,
11.659131,13.222900,11.805559,12.819683,12.948157,
11.659131,13.210485,11.786958,12.865388,13.059155,
11.659131,13.198056,11.769028,12.912550,13.170782,
11.659131,13.185612,11.751767,12.961149,13.283011,
11.659131,13.173154,11.735174,13.011167,13.395816,
11.659131,13.160681,11.719247,13.062585,13.509170,
11.659131,13.148195,11.703984,13.115385,13.623048,
11.659131,13.135694,11.689384,13.169545,13.737426,
11.659131,13.123180,11.675443,13.225048,13.852279,
11.659131,13.110652,11.662160,13.281871,13.967585,
11.659131,13.098110,11.649533,13.339995,14.083321,
11.659131,13.085554,11.637557,13.399398,14.199467,
11.659131,13.072985,11.626231,13.460059,14.316001,
11.659131,13.060403,11.615552,13.521956,14.432904,
11.659131,13.047808,11.605515,13.585066,14.550157,
11.659131,13.035199,11.596119,13.649368,14.667740,
11.659131,13.022578,11.587360,13.714838,14.785638,
11.659131,13.009944,11.579233,13.781454,14.903832,
11.659131,12.997297,11.571735,13.849191,15.022306,
11.659131,12.984637,11.564863,13.918027,15.141045,
11.659131,12.971965,11.558611,13.987936,15.260033,
11.659131,12.959281,11.552976,14.058894,15.379257,
11.659131,12.946584,11.547954,14.130878,15.498703,
11.659131,12.933876,11.543539,14.203861,15.618358,
11.659131,12.921155,11.539728,14.277820,15.738208,
11.659131,12.908422,11.536515,14.352727,15.858242,
11.659131,12.895678,11.533895,14.428557,15.978449,
11.659131,12.882922,11.531863,14.505285,16.098817,
11.659131,12.870154,11.530414,14.582884,16.219337,
11.659131,12.857375,11.529542,14.661328,16.339997,
11.659131,12.844585,11.529243,14.740590,16.460788,
11.659131,12.831784,11.529509,14.820642,16.581701,
11.659131,12.818971,11.530336,14.901459,16.702727,
11.659131,12.806148,11.531717,14.983012,16.823857,
11.659131,12.793314,11.533646,15.065274,16.945083,
11.659131,12.780469,11.536117,15.148217,17.066397,
11.659131,12.767614,11.539124,15.231813,17.187791,
11.659131,12.754748,11.542659,15.316034,17.309258,
11.659131,12.741872,11.546717,15.400853,17.430789,
11.659131,12.728986,11.551291,15.486239,17.552378,
11.659131,12.716090,11.556374,15.572166,17.674017,
11.659131,12.703183,11.561958,15.658604,17.795700,
11.659131,12.690267,11.568036,15.745524,17.917419,
11.659131,12.677341,11.574602,15.832898,18.039167,
11.659131,12.664406,11.581648,15.920695,18.160936,
11.659131,12.651461,11.589167,16.008889,18.282721,
11.659131,12.638507,11.597150,16.097447,18.404513,
11.659131,12.625543,11.605590,16.186343,18.526305,
11.659131,12.612571,11.614479,16.275545,18.648089,
11.659131,12.599589,11.623810,16.365025,18.769859,
11.659131,12.586599,11.633573,16.454753,18.891605,
11.659131,12.573600,11.643762,16.544699,19.013320,
11.659131,12.560592,11.654368,16.634834,19.134994,
11.659131,12.547576,11.665382,16.725127,19.256620,
11.659131,12.534552,11.676796,16.815549,19.378188,
11.659131,12.521519,11.688601,16.906071,19.499689,
11.659131,12.508478,11.700789,16.996662,19.621112,
11.659131,12.495429,11.713351,17.087293,19.742447,
11.659131,12.482372,11.726277,17.177933,19.863683,
11.659131,12.469308,11.739560,17.268553,19.984809,
11.659131,12.456236,11.753191,17.359124,20.105813,
11.659131,12.443156,11.767159,17.449615,20.226683,
11.659131,12.430069,11.781456,17.539996,20.347405,
11.659131,12.416975,11.796072,17.630238,20.467966,
11.659131,12.403873,11.810998,17.720312,20.588352,
11.659131,12.390765,11.826226,17.810187,20.708547,
11.659131,12.377650,11.841744,17.899835,20.828537,
11.659131,12.364528,11.857544,17.989225,20.948304,
11.659131,12.351399,11.873617,18.078329,21.067832,
11.659131,12.338264,11.889951,18.167117,21.187104,
11.659131,12.325122,11.906538,18.255559,21.306100,
11.659131,12.311974,11.923368,18.343628,21.424802,
11.659131,12.298820,11.940430,18.431293,21.543189,
11.659131,12.285660,11.957715,18.518526,21.661242,
11.659131,12.272494,11.975213,18.605299,21.778937,
11.659131,12.259322,11.992914,18.691582,21.896253,
11.659131,12.246145,12.010807,18.777348,22.013166,
11.659131,12.232962,12.028883,18.862568,22.129653,
11.659131,12.219774,12.047131,18.947214,22.245688,
11.659131,12.206580,12.065541,19.031257,22.361245,
11.659131,12.193382,12.084103,19.114671,22.476299,
11.659131,12.180178,12.102806,19.197427,22.590820,
11.659131,12.166969,12.121640,19.279499,22.704782,
11.659131,12.153756,12.140595,19.360859,22.818154,
11.659131,12.140538,12.159660,19.441479,22.930906,
11.659131,12.127315,12.178824,19.521334,23.043008,
11.659131,12.114088,12.198078,19.600396,23.154427,
11.659131,12.100857,12.217411,19.678640,23.265130,
11.659131,12.087621,12.236812,19.756038,23.375085,
11.659131,12.074382,12.256270,19.832566,23.484255,
11.659131,12.061138,12.275776,19.908198,23.592607,
11.659131,12.047891,12.295318,19.982907,23.700104,
11.659131,12.034640,12.314886,20.056670,23.806709,
11.659131,12.021386,12.334469,20.129461,23.912384,
11.659131,12.008128,12.354057,20.201255,24.017090,
11.659131,11.994867,12.373639,20.272028,24.120788,
11.659131,11.981603,12.393205,20.341757,24.223438,
11.659131,11.968336,12.412744,20.410417,24.325000,
11.659131,11.955065,12.432245,20.477985,24.425430,
11.659131,11.941792,12.451698,20.544438,24.524688,
11.659131,11.928517,12.471092,20.609753,24.622729,
11.659131,11.915239,12.490417,20.673907,24.719511,
11.659131,11.901958,12.509661,20.736879,24.814989,
11.659131,11.888675,12.528816,20.798645,24.909117,
11.659131,11.875390,12.547869,20.859185,25.001852,
11.659131,11.862103,12.566811,20.918478,25.093146,
11.659131,11.848814,12.585631,20.976502,25.182953,
11.659131,11.835523,12.604319,21.033237,25.271225,
11.659131,11.822231,12.622864,21.088663,25.357917,
11.659131,11.808937,12.641256,21.142759,25.442978,
11.659131,11.795642,12.659485,21.195507,25.526362,
11.659131,11.782345,12.677540,21.246887,25.608019,
11.659131,11.769047,12.695411,21.296880,25.687901,
11.659131,11.755748,12.713088,21.345468,25.765958,
11.659131,11.742449,12.730560,21.392633,25.842140,
11.659131,11.729148,12.747818,21.438358,25.916399,
11.659131,11.715847,12.764852,21.482624,25.988684,
11.659131,11.702545,12.781650,21.525416,26.058945,
11.659131,11.689243,12.798205,21.566716,26.127132,
11.659131,11.675941,12.814505,21.606508,26.193195,
11.659131,11.662638,12.830540,21.644777,26.257085,
11.659131,11.649335,12.846302,21.681508,26.318750,
11.659131,11.636033,12.861780,21.716685,26.378141,
11.659131,11.622731,12.876964,21.750295,26.435209,
11.659131,11.609429,12.891845,21.782322,26.489903,
11.659131,11.596127,12.906414,21.812753,26.542175,
11.659131,11.582826,12.920661,21.841576,26.591976,
11.659131,11.569526,12.934577,21.868777,26.639256,
11.659131,11.556227,12.948152,21.894343,26.683968,
11.659131,11.542928,12.961377,21.918263,26.726063,
11.659131,11.529631,12.974243,21.940526,26.765494,
11.659131,11.516335,12.986741,21.961120,26.802215,
11.659131,11.503040,12.998863,21.980033,26.836178,
11.659131,11.489747,13.010598,21.997257,26.867339,
11.659131,11.476456,13.021939,22.012782,26.895652,
11.659131,11.463166,13.032877,22.026597,26.921074,
11.659131,11.449878,13.043403,22.038694,26.943559,
11.659131,11.436591,13.053509,22.049064,26.963067,
11.659131,11.423307,13.063186,22.057699,26.979554,
11.659131,11.410026,13.072427,22.064592,26.992980,
11.659131,11.396746,13.081222,22.069736,27.003306,
11.659131,11.383469,13.089564,22.073123,27.010491,
11.659131,11.370195,13.097445,22.074747,27.014499,
11.659131,11.356923,13.104857,22.074603,27.015292,
11.659131,11.343654,13.111792,22.072685,27.012834,
11.659131,11.330388,13.118243,22.068988,27.007092,
11.659131,11.317126,13.124201,22.063507,26.998031,
11.659131,11.303866,13.129661,22.056239,26.985620,
11.659131,11.290610,13.134614,22.047179,26.969828,
11.659131,11.277357,13.139054,22.036325,26.950626,
11.659131,11.264108,13.142973,22.023674,26.927986,
11.659131,11.250863,13.146364,22.009223,26.901882,
11.659131,11.237621,13.149221,21.992970,26.872287,
11.659131,11.224383,13.151536,21.974915,26.839180,
11.659131,11.211150,13.153304,21.955056,26.802537,
11.659131,11.197921,13.154519,21.933393,26.762339,
11.659131,11.184696,13.155173,21.909925,26.718566,
11.659131,11.171475,13.155260,21.884654,26.671202,
11.659131,11.158259,13.154775,21.857578,26.620231,
11.659131,11.145048,13.153712,21.828701,26.565639,
11.659131,11.131842,13.152065,21.798024,26.507415,
11.659131,11.118640,13.149829,21.765548,26.445548,
11.659131,11.105444,13.146997,21.731276,26.380030,
11.659131,11.092253,13.143566,21.695211,26.310853,
11.659131,11.079067,13.139528,21.657357,26.238014,
11.659131,11.065887,13.134881,21.617718,26.161510,
11.659131,11.052712,13.129618,21.576297,26.081339,
11.659131,11.039543,13.123735,21.533099,25.997503,
11.659131,11.026380,13.117228,21.488130,25.910004,
11.659131,11.013223,13.110092,21.441394,25.818846,
11.659131,11.000072,13.102322,21.392899,25.724038,
11.659131,10.986927,13.093915,21.342649,25.625587,
11.659131,10.973788,13.084867,21.290653,25.523503,
11.659131,10.960656,13.075174,21.236916,25.417801,
11.659131,10.947531,13.064832,21.181448,25.308494,
11.659131,10.934412,13.053838,21.124254,25.195598,
11.659131,10.921300,13.042188,21.065345,25.079133,
11.659131,10.908194,13.029879,21.004729,24.959120,
11.659131,10.895096,13.016909,20.942414,24.835580,
11.659131,10.882006,13.003274,20.878411,24.708538,
11.659131,10.868922,12.988971,20.812729,24.578021,
11.659131,10.855846,12.973999,20.745379,24.444058,
11.659131,10.842777,12.958354,20.676371,24.306679,
11.659131,10.829717,12.942035,20.605717,24.165917,
11.659131,10.816663,12.925039,20.533427,24.021806,
11.659131,10.803618,12.907364,20.459514,23.874383,
11.659131,10.790581,12.889010,20.383990,23.723686,
11.659131,10.777552,12.869973,20.306867,23.569756,
11.659131,10.764532,12.850254,20.228158,23.412635,
11.659131,10.751520,12.829850,20.147877,23.252366,
11.659131,10.738516,12.808760,20.066036,23.088996,
11.659131,10.725521,12.786984,19.982651,22.922573,
11.659131,10.712535,12.764521,19.897734,22.753146,
11.659131,10.699558,12.741370,19.811301,22.580767,
11.659131,10.686589,12.717531,19.723366,22.405489,
11.659131,10.673630,12.693003,19.633946,22.227366,
11.659131,10.660680,12.667787,19.543054,22.046457,
11.659131,10.647740,12.641883,19.450708,21.862817,
11.659131,10.634809,12.615290,19.356922,21.676509,
11.659131,10.621888,12.588010,19.261715,21.487592,
11.659131,10.608976,12.560042,19.165101,21.296131,
11.659131,10.596075,12.531388,19.067099,21.102189,
11.659131,10.583183,12.502049,18.967726,20.905833,
11.659131,10.570302,12.472025,18.867000,20.707130,
11.659131,10.557431,12.441317,18.764937,20.506149,
11.659131,10.544570,12.409928,18.661557,20.302961,
11.659131,10.531719,12.377859,18.556877,20.097636,
11.659131,10.518880,12.345112,18.450917,19.890247,
11.659131,10.506051,12.311687,18.343695,19.680868,
11.659131,10.493232,12.277589,18.235230,19.469575,
11.659131,10.480425,12.242818,18.125542,19.256444,
11.659131,10.467629,12.207377,18.014651,19.041551,
11.659131,10.454844,12.171269,17.902576,18.824975,
11.659131,10.442071,12.134496,17.789337,18.606795,
11.659131,10.429309,12.097062,17.674955,18.387091,
11.659131,10.416558,12.058969,17.559450,18.165944,
11.659131,10.403819,12.020220,17.442843,17.943436,
11.659131,10.391092,11.980819,17.325155,17.719649,
11.659131,10.378377,11.940770,17.206406,17.494665,
11.659131,10.365674,11.900076,17.086619,17.268569,
11.659131,10.352983,11.858741,16.965814,17.041444,
11.659131,10.340305,11.816769,16.844013,16.813375,
11.659131,10.327639,11.774163,16.721239,16.584447,
11.659131,10.314985,11.730930,16.597513,16.354746,
11.659131,10.302344,11.687072,16.472856,16.124356,
11.659131,10.289716,11.642594,16.347292,15.893364,
11.659131,10.277101,11.597502,16.220843,15.661856,
11.659131,10.264498,11.551800,16.093531,15.429918,
11.659131,10.251909,11.505493,15.965380,15.197636,
11.659131,10.239333,11.458586,15.836411,14.965096,
11.659131,10.226771,11.411085,15.706648,14.732384,
11.659131,10.214222,11.362996,15.576113,14.499586,
11.659131,10.201686,11.314323,15.444831,14.266787,
11.659131,10.189165,11.265073,15.312824,14.034074,
11.659131,10.176657,11.215251,15.180115,13.801531,
11.659131,10.164163,11.164865,15.046729,13.569242,
11.659131,10.151683,11.113919,14.912687,13.337292,
11.659131,10.139217,11.062420,14.778015,13.105765,
11.659131,10.126766,11.010375,14.642735,12.874743,
11.659131,10.114329,10.957791,14.506872,12.644309,
11.659131,10.101906,10.904673,14.370449,12.414545,
11.659131,10.089499,10.851030,14.233489,12.185531,
11.659131,10.077106,10.796868,14.096018,11.957349,
11.659131,10.064728,10.742193,13.958058,11.730076,
11.659131,10.052364,10.687015,13.819633,11.503792,
11.659131,10.040016,10.631339,13.680768,11.278573,
11.659131,10.027684,10.575173,13.541486,11.054496,
11.659131,10.015366,10.518526,13.401812,10.831636,
11.659131,10.003064,10.461404,13.261769,10.610067,
11.659131,9.990778,10.403815,13.121381,10.389862,
11.659131,9.978508,10.345769,12.980672,10.171093,
11.659131,9.966253,10.287272,12.839666,9.953829,
11.659131,9.954014,10.228333,12.698388,9.738140,
11.659131,9.941791,10.168961,12.556860,9.524093,
11.659131,9.929584,10.109163,12.415107,9.311754,
11.659131,9.917394,10.048949,12.273153,9.101187,
11.659131,9.905220,9.988326,12.131021,8.892456,
11.659131,9.893063,9.927305,11.988735,8.685622,
11.659131,9.880922,9.865893,11.846319,8.480745,
11.659131,9.868798,9.804099,11.703796,8.277883,
11.659131,9.856690,9.741934,11.561191,8.077092,
11.659131,9.844600,9.679405,11.418525,7.878427,
11.659131,9.832527,9.616522,11.275824,7.681942,
11.659131,9.820471,9.553294,11.133109,7.487686,
11.659131,9.808432,9.489732,10.990405,7.295710,
11.659131,9.796411,9.425843,10.847734,7.106062,
11.659131,9.784407,9.361639,10.705119,6.918785,
11.659131,9.772421,9.297128,10.562584,6.733925,
11.659131,9.760453,9.232321,10.420151,6.551523,
11.659131,9.748502,9.167227,10.277843,6.371619,
11.659131,9.736570,9.101856,10.135682,6.194251,
11.659131,9.724655,9.036218,9.993691,6.019454,
11.659131,9.712759,8.970324,9.851892,5.847262,
11.659131,9.700881,8.904183,9.710307,5.677708,
11.659131,9.689022,8.837805,9.568959,5.510820,
11.659131,9.677181,8.771201,9.427868,5.346627,
11.659131,9.665359,8.704381,9.287058,5.185155,
11.659131,9.653555,8.637356,9.146549,5.026426,
11.659131,9.641771,8.570136,9.006362,4.870462,
11.659131,9.630005,8.502731,8.866520,4.717284,
